,season,player,pts,trb,ast
3145,2020,James Harden,2335,446,512
2988,2020,Damian Lillard,1978,284,530
3028,2020,Devin Booker,1863,297,456
3091,2020,Giannis Antetokounmpo,1857,856,354
3466,2020,Trae Young,1778,255,560
3288,2020,Luka Dončić,1759,573,538
2929,2020,Bradley Beal,1741,242,347
3281,2020,LeBron James,1698,525,684
3041,2020,Donovan Mitchell,1655,304,294
2907,2020,Anthony Davis,1618,577,200
